<?xml version="1.0" encoding="UTF-8"?>
<project-private xmlns="http://www.netbeans.org/ns/project-private/1">
    <editor-bookmarks xmlns="http://www.netbeans.org/ns/editor-bookmarks/2" lastBookmarkId="0"/>
    <open-files xmlns="http://www.netbeans.org/ns/projectui-open-files/2">
        <group>
            <file>file:/home/pract/LabPAD/lpadusr11/NetBeansProjects/Chat/src/chat/Server.java</file>
            <file>file:/home/pract/LabPAD/lpadusr11/NetBeansProjects/Chat/src/chat/MyServerSocket.java</file>
            <file>file:/home/pract/LabPAD/lpadusr11/NetBeansProjects/Chat/src/chat/Client.java</file>
            <file>file:/home/pract/LabPAD/lpadusr11/NetBeansProjects/Chat/src/chat/MySocket.java</file>
        </group>
    </open-files>
</project-private>
